roster,name,confidence,proposed_roles,parent_if_any,primary_source_url,review_note
platforms-investors-labs.csv,Samsung NEXT,MEDIUM,INVESTOR,Samsung Electronics,https://www.samsungnext.com/,"Primary URL reviewed; accessible content did not establish the proposed robotics role. Further primary product, portfolio or corporate evidence is needed."
platforms-investors-labs.csv,SK Telecom,MEDIUM,INVESTOR,,https://www.sktelecom.com/en/press/press.do,"Primary URL reviewed; accessible content did not establish the proposed robotics role. Further primary product, portfolio or corporate evidence is needed."
platforms-investors-labs.csv,Mirae Asset,MEDIUM,INVESTOR,,https://www.miraeasset.com/,"Primary URL reviewed; accessible content did not establish the proposed robotics role. Further primary product, portfolio or corporate evidence is needed."
platforms-investors-labs.csv,Xiaomi,MEDIUM,INVESTOR|PLATFORM,,https://www.mi.com/global/discover/article?id=2781,"Primary URL reviewed; accessible content did not establish the proposed robotics role. Further primary product, portfolio or corporate evidence is needed."
platforms-investors-labs.csv,XPeng,MEDIUM,OEM|PLATFORM,,https://www.xpeng.com/,"Primary URL reviewed; accessible content did not establish the proposed robotics role. Further primary product, portfolio or corporate evidence is needed."
platforms-investors-labs.csv,XPeng Robotics (Pengyan Technology),MEDIUM,OEM,XPeng,https://www.xpeng.com/,"Primary URL reviewed; accessible content did not establish the proposed robotics role. Further primary product, portfolio or corporate evidence is needed."
platforms-investors-labs.csv,Alibaba Group,MEDIUM,INVESTOR|PLATFORM,,https://www.alibabagroup.com/en-US/,"Primary URL reviewed; accessible content did not establish the proposed robotics role. Further primary product, portfolio or corporate evidence is needed."
platforms-investors-labs.csv,Huawei,MEDIUM,PLATFORM,,https://www.huawei.com/en/,"Primary URL reviewed; accessible content did not establish the proposed robotics role. Further primary product, portfolio or corporate evidence is needed."
platforms-investors-labs.csv,Meituan,MEDIUM,INVESTOR|OPERATOR,,https://www.meituan.com/en-US/,"Primary URL reviewed; retrieval failed or returned HTTP 404. Further primary product, portfolio or corporate evidence is needed."
platforms-investors-labs.csv,CATL,MEDIUM,INVESTOR,,https://www.catl.com/en/,"Primary URL reviewed; accessible content did not establish the proposed robotics role. Further primary product, portfolio or corporate evidence is needed."
platforms-investors-labs.csv,Hillhouse Investment,MEDIUM,INVESTOR,,https://www.hillhouseinvestment.com/,"Primary URL reviewed; accessible content did not establish the proposed robotics role. Further primary product, portfolio or corporate evidence is needed."
platforms-investors-labs.csv,IDG Capital,MEDIUM,INVESTOR,,https://www.idgcapital.com/,"Primary URL reviewed; accessible content did not establish the proposed robotics role. Further primary product, portfolio or corporate evidence is needed."
platforms-investors-labs.csv,Flexion Robotics,MEDIUM,MODEL_DEVELOPER,,https://www.flexionrobotics.com/,"Primary URL reviewed; accessible content did not establish the proposed robotics role. Further primary product, portfolio or corporate evidence is needed."
platforms-investors-labs.csv,WP Global Partners,MEDIUM,INVESTOR,,https://www.wpglobalpartners.com/,"Primary URL reviewed; accessible content did not establish the proposed robotics role. Further primary product, portfolio or corporate evidence is needed."
platforms-investors-labs.csv,Thrive Capital,MEDIUM,INVESTOR,,https://thrivecap.com/,"Primary URL reviewed; accessible content did not establish the proposed robotics role. Further primary product, portfolio or corporate evidence is needed."
platforms-investors-labs.csv,Index Ventures,MEDIUM,INVESTOR,,https://www.indexventures.com/companies/physical-intelligence/,"Primary URL reviewed; accessible content did not establish the proposed robotics role. Further primary product, portfolio or corporate evidence is needed."
platforms-investors-labs.csv,Accel,MEDIUM,INVESTOR,,https://www.accel.com/companies,"Primary URL reviewed; accessible content did not establish the proposed robotics role. Further primary product, portfolio or corporate evidence is needed."
platforms-investors-labs.csv,Kleiner Perkins,MEDIUM,INVESTOR,,https://www.kleinerperkins.com/companies/,"Primary URL reviewed; retrieval failed or returned HTTP 404. Further primary product, portfolio or corporate evidence is needed."
platforms-investors-labs.csv,KAIST Humanoid Robot Research Center,MEDIUM,RESEARCH_LAB,KAIST,https://hubolab.kaist.ac.kr/,"Primary URL reviewed; retrieval failed or returned HTTP None. Further primary product, portfolio or corporate evidence is needed."
platforms-investors-labs.csv,Beijing Academy of Artificial Intelligence (BAAI),MEDIUM,MODEL_DEVELOPER|RESEARCH_LAB,,https://www.baai.ac.cn/,"Primary URL reviewed; accessible content did not establish the proposed robotics role. Further primary product, portfolio or corporate evidence is needed."
platforms-investors-labs.csv,Humanoid Robot (Shanghai) Co.,MEDIUM,OEM|RESEARCH_LAB,,https://www.openloong.com/,"Primary URL reviewed; retrieval failed or returned HTTP None. Further primary product, portfolio or corporate evidence is needed."
platforms-investors-labs.csv,Tsinghua University Institute for Embodied Intelligence and Robotics,MEDIUM,RESEARCH_LAB,Tsinghua University,https://www.tsinghua.edu.cn/en/,"Primary URL reviewed; accessible content did not establish the proposed robotics role. Further primary product, portfolio or corporate evidence is needed."
oems-integrators-operators.csv,Kepler Robotics,MEDIUM,OEM,,https://www.gotokepler.com/,"Primary URL reviewed; accessible content did not establish the proposed robotics role. Further primary product, portfolio or corporate evidence is needed."
oems-integrators-operators.csv,Robot Era,MEDIUM,OEM,,https://www.robotera.com/,"Primary URL reviewed; accessible content did not establish the proposed robotics role. Further primary product, portfolio or corporate evidence is needed."
oems-integrators-operators.csv,DENSO Robotics,MEDIUM,COMPONENT_SUPPLIER|OEM,DENSO Corporation,https://www.densorobotics.com/,"Primary URL reviewed; retrieval failed or returned HTTP 403. Further primary product, portfolio or corporate evidence is needed."
oems-integrators-operators.csv,Staubli Robotics,MEDIUM,COMPONENT_SUPPLIER|OEM,Staubli Group,https://www.staubli.com/global/en/robotics.html,"Primary URL reviewed; retrieval failed or returned HTTP 403. Further primary product, portfolio or corporate evidence is needed."
oems-integrators-operators.csv,Amazon Prime Air,MEDIUM,OEM|OPERATOR,Amazon,https://www.aboutamazon.com/news/transportation/amazon-prime-air-drone-delivery,"Primary URL reviewed; retrieval failed or returned HTTP 404. Further primary product, portfolio or corporate evidence is needed."
oems-integrators-operators.csv,UPS Flight Forward,MEDIUM,OPERATOR,UPS,https://about.ups.com/us/en/our-company/innovation-driven/ups-flight-forward.html,"Primary URL reviewed; retrieval failed or returned HTTP 404. Further primary product, portfolio or corporate evidence is needed."
oems-integrators-operators.csv,Helsing,MEDIUM,COMPONENT_SUPPLIER|OEM,,https://helsing.ai/,"Primary URL reviewed; retrieval failed or returned HTTP 429. Further primary product, portfolio or corporate evidence is needed."
oems-integrators-operators.csv,MARTAC,MEDIUM,OEM,,https://martacsystems.com/,"Primary URL reviewed; retrieval failed or returned HTTP 403. Further primary product, portfolio or corporate evidence is needed."
oems-integrators-operators.csv,Leidos,MEDIUM,INTEGRATOR|OEM,,https://www.leidos.com/insights/sea-hunter-autonomous-unmanned-vessel,"Primary URL reviewed; retrieval failed or returned HTTP 404. Further primary product, portfolio or corporate evidence is needed."
oems-integrators-operators.csv,QinetiQ,MEDIUM,OEM,,https://www.qinetiq.com/en-us/capabilities/robotics-and-autonomous-systems,"Primary URL reviewed; accessible content did not establish the proposed robotics role. Further primary product, portfolio or corporate evidence is needed."
oems-integrators-operators.csv,Rheinmetall,MEDIUM,OEM,,https://www.rheinmetall.com/en/products/uncrewed-vehicles,"Primary URL reviewed; retrieval failed or returned HTTP 404. Further primary product, portfolio or corporate evidence is needed."
oems-integrators-operators.csv,Monarch Tractor,MEDIUM,OEM,,https://www.monarchtractor.com/,"Primary URL reviewed; retrieval failed or returned HTTP 404. Further primary product, portfolio or corporate evidence is needed."
oems-integrators-operators.csv,Burro,MEDIUM,OEM,,https://burro.ai/,"Primary URL reviewed; retrieval failed or returned HTTP 403. Further primary product, portfolio or corporate evidence is needed."
oems-integrators-operators.csv,Stryker,MEDIUM,OEM,,https://www.stryker.com/us/en/joint-replacement/systems/mako-smartrobotics.html,"Primary URL reviewed; retrieval failed or returned HTTP 404. Further primary product, portfolio or corporate evidence is needed."
oems-integrators-operators.csv,Johnson & Johnson MedTech,MEDIUM,OEM,Johnson & Johnson,https://www.jnjmedtech.com/en-US/robotics,"Primary URL reviewed; retrieval failed or returned HTTP 403. Further primary product, portfolio or corporate evidence is needed."
oems-integrators-operators.csv,CMR Surgical,MEDIUM,OEM,,https://cmrsurgical.com/,"Primary URL reviewed; retrieval failed or returned HTTP 403. Further primary product, portfolio or corporate evidence is needed."
oems-integrators-operators.csv,Vicarious Surgical,MEDIUM,OEM,,https://www.vicarioussurgical.com/,"Primary URL reviewed; retrieval failed or returned HTTP 403. Further primary product, portfolio or corporate evidence is needed."
oems-integrators-operators.csv,PROCEPT BioRobotics,MEDIUM,OEM,,https://www.procept-biorobotics.com/,"Primary URL reviewed; retrieval failed or returned HTTP 403. Further primary product, portfolio or corporate evidence is needed."
oems-integrators-operators.csv,Canvas,MEDIUM,OEM|OPERATOR,,https://www.canvas.build/,"Primary URL reviewed; retrieval failed or returned HTTP None. Further primary product, portfolio or corporate evidence is needed."
oems-integrators-operators.csv,SafeAI,MEDIUM,COMPONENT_SUPPLIER,,https://www.safeai.ai/,"Primary URL reviewed; accessible content did not establish the proposed robotics role. Further primary product, portfolio or corporate evidence is needed."
oems-integrators-operators.csv,Ocean Infinity,MEDIUM,OEM|OPERATOR,,https://oceaninfinity.com/,"Primary URL reviewed; retrieval failed or returned HTTP 403. Further primary product, portfolio or corporate evidence is needed."
oems-integrators-operators.csv,Palladyne AI,MEDIUM,COMPONENT_SUPPLIER,,https://www.palladyneai.com/,"Primary URL reviewed; retrieval failed or returned HTTP 403. Further primary product, portfolio or corporate evidence is needed."
suppliers-chips-manufacturing.csv,Laifual Drive,MEDIUM,COMPONENT_SUPPLIER,,https://www.laifualgroup.com/,"Primary URL reviewed; retrieval failed or returned HTTP None. Further primary product, portfolio or corporate evidence is needed."
suppliers-chips-manufacturing.csv,Nidec-Shimpo,MEDIUM,COMPONENT_SUPPLIER,Nidec,https://www.nidec.com/en/nidec-drivetechnology/,"Primary URL reviewed; accessible content did not establish the proposed robotics role. Further primary product, portfolio or corporate evidence is needed."
suppliers-chips-manufacturing.csv,Guomao Group,MEDIUM,COMPONENT_SUPPLIER,,https://www.guomaogroup.com/,"Primary URL reviewed; retrieval failed or returned HTTP None. Further primary product, portfolio or corporate evidence is needed."
suppliers-chips-manufacturing.csv,Allient (Allied Motion Technologies),MEDIUM,COMPONENT_SUPPLIER,,https://www.allient.com/,"Primary URL reviewed; retrieval failed or returned HTTP 403. Further primary product, portfolio or corporate evidence is needed."
suppliers-chips-manufacturing.csv,Moog,MEDIUM,COMPONENT_SUPPLIER,,https://www.moog.com/markets/industrial/robotics.html,"Primary URL reviewed; retrieval failed or returned HTTP 404. Further primary product, portfolio or corporate evidence is needed."
suppliers-chips-manufacturing.csv,Sanhua Intelligent Controls,MEDIUM,COMPONENT_SUPPLIER,,https://www.sanhua.com/en/,"Primary URL reviewed; retrieval failed or returned HTTP None. Further primary product, portfolio or corporate evidence is needed."
suppliers-chips-manufacturing.csv,Tuopu Group,MEDIUM,COMPONENT_SUPPLIER,,https://www.tuopu.com/en/,"Primary URL reviewed; retrieval failed or returned HTTP None. Further primary product, portfolio or corporate evidence is needed."
suppliers-chips-manufacturing.csv,T-Motor (Nanchang Sanrui),MEDIUM,COMPONENT_SUPPLIER,,https://www.tmotor.com/,"Primary URL reviewed; accessible content did not establish the proposed robotics role. Further primary product, portfolio or corporate evidence is needed."
suppliers-chips-manufacturing.csv,Elmo Motion Control,MEDIUM,COMPONENT_SUPPLIER,,https://www.elmomc.com/,"Primary URL reviewed; retrieval failed or returned HTTP 403. Further primary product, portfolio or corporate evidence is needed."
suppliers-chips-manufacturing.csv,Broadcom,MEDIUM,CHIPMAKER|COMPONENT_SUPPLIER,,https://www.broadcom.com/products/motion-control-encoders,"Primary URL reviewed; accessible content did not establish the proposed robotics role. Further primary product, portfolio or corporate evidence is needed."
suppliers-chips-manufacturing.csv,THK,MEDIUM,COMPONENT_SUPPLIER,,https://www.thk.com/,"Primary URL reviewed; accessible content did not establish the proposed robotics role. Further primary product, portfolio or corporate evidence is needed."
suppliers-chips-manufacturing.csv,SKF,MEDIUM,COMPONENT_SUPPLIER,,https://www.skf.com/,"Primary URL reviewed; accessible content did not establish the proposed robotics role. Further primary product, portfolio or corporate evidence is needed."
suppliers-chips-manufacturing.csv,CATL,MEDIUM,COMPONENT_SUPPLIER,,https://www.catl.com/en/,"Primary URL reviewed; accessible content did not establish the proposed robotics role. Further primary product, portfolio or corporate evidence is needed."
suppliers-chips-manufacturing.csv,EVE Energy,MEDIUM,COMPONENT_SUPPLIER,,https://www.evebattery.com/en,"Primary URL reviewed; accessible content did not establish the proposed robotics role. Further primary product, portfolio or corporate evidence is needed."
suppliers-chips-manufacturing.csv,LG Energy Solution,MEDIUM,COMPONENT_SUPPLIER,LG Group,https://www.lgensol.com/en/,"Primary URL reviewed; retrieval failed or returned HTTP 404. Further primary product, portfolio or corporate evidence is needed."
suppliers-chips-manufacturing.csv,Samsung SDI,MEDIUM,COMPONENT_SUPPLIER,Samsung Group,https://www.samsungsdi.com/,"Primary URL reviewed; accessible content did not establish the proposed robotics role. Further primary product, portfolio or corporate evidence is needed."
suppliers-chips-manufacturing.csv,SK On,MEDIUM,COMPONENT_SUPPLIER,SK Group,https://www.sk-on.com/,"Primary URL reviewed; retrieval failed or returned HTTP None. Further primary product, portfolio or corporate evidence is needed."
suppliers-chips-manufacturing.csv,Panasonic Energy,MEDIUM,COMPONENT_SUPPLIER,Panasonic,https://www.panasonic.com/global/energy.html,"Primary URL reviewed; accessible content did not establish the proposed robotics role. Further primary product, portfolio or corporate evidence is needed."
suppliers-chips-manufacturing.csv,Molicel (E-One Moli Energy),MEDIUM,COMPONENT_SUPPLIER,Taiwan Cement,https://www.molicel.com/,"Primary URL reviewed; accessible content did not establish the proposed robotics role. Further primary product, portfolio or corporate evidence is needed."
suppliers-chips-manufacturing.csv,Sunwoda,MEDIUM,COMPONENT_SUPPLIER,,https://www.sunwoda.com/,"Primary URL reviewed; accessible content did not establish the proposed robotics role. Further primary product, portfolio or corporate evidence is needed."
suppliers-chips-manufacturing.csv,Murata,MEDIUM,COMPONENT_SUPPLIER,,https://www.murata.com/en-global/applications/industrial/robot,"Primary URL reviewed; retrieval failed or returned HTTP 404. Further primary product, portfolio or corporate evidence is needed."
suppliers-chips-manufacturing.csv,Innoviz Technologies,MEDIUM,COMPONENT_SUPPLIER,,https://innoviz.tech/,"Primary URL reviewed; accessible content did not establish the proposed robotics role. Further primary product, portfolio or corporate evidence is needed."
suppliers-chips-manufacturing.csv,SICK AG,MEDIUM,COMPONENT_SUPPLIER,,https://www.sick.com/,"Primary URL reviewed; accessible content did not establish the proposed robotics role. Further primary product, portfolio or corporate evidence is needed."
suppliers-chips-manufacturing.csv,Leica Geosystems,MEDIUM,COMPONENT_SUPPLIER,Hexagon,https://leica-geosystems.com/,"Primary URL reviewed; retrieval failed or returned HTTP None. Further primary product, portfolio or corporate evidence is needed."
suppliers-chips-manufacturing.csv,Cognex,MEDIUM,COMPONENT_SUPPLIER,,https://www.cognex.com/,"Primary URL reviewed; retrieval failed or returned HTTP 429. Further primary product, portfolio or corporate evidence is needed."
suppliers-chips-manufacturing.csv,Keyence,MEDIUM,COMPONENT_SUPPLIER,,https://www.keyence.com/,"Primary URL reviewed; accessible content did not establish the proposed robotics role. Further primary product, portfolio or corporate evidence is needed."
suppliers-chips-manufacturing.csv,Datalogic,MEDIUM,COMPONENT_SUPPLIER,,https://www.datalogic.com/,"Primary URL reviewed; accessible content did not establish the proposed robotics role. Further primary product, portfolio or corporate evidence is needed."
suppliers-chips-manufacturing.csv,Pilz,MEDIUM,COMPONENT_SUPPLIER,,https://www.pilz.com/en-INT/,"Primary URL reviewed; retrieval failed or returned HTTP 403. Further primary product, portfolio or corporate evidence is needed."
suppliers-chips-manufacturing.csv,Robotous,MEDIUM,COMPONENT_SUPPLIER,,https://www.robotous.com/,"Primary URL reviewed; accessible content did not establish the proposed robotics role. Further primary product, portfolio or corporate evidence is needed."
suppliers-chips-manufacturing.csv,Kistler,MEDIUM,COMPONENT_SUPPLIER,,https://www.kistler.com/,"Primary URL reviewed; accessible content did not establish the proposed robotics role. Further primary product, portfolio or corporate evidence is needed."
suppliers-chips-manufacturing.csv,Touchence,MEDIUM,COMPONENT_SUPPLIER,,https://www.touchence.jp/en/,"Primary URL reviewed; retrieval failed or returned HTTP None. Further primary product, portfolio or corporate evidence is needed."
suppliers-chips-manufacturing.csv,Analog Devices,MEDIUM,CHIPMAKER|COMPONENT_SUPPLIER,,https://www.analog.com/en/solutions/industrial-and-building-automation/robotics.html,"Primary URL reviewed; retrieval failed or returned HTTP 404. Further primary product, portfolio or corporate evidence is needed."
suppliers-chips-manufacturing.csv,Horizon Robotics,MEDIUM,CHIPMAKER|COMPONENT_SUPPLIER,,https://en.horizon.auto/,"Primary URL reviewed; retrieval failed or returned HTTP None. Further primary product, portfolio or corporate evidence is needed."
suppliers-chips-manufacturing.csv,Sony Semiconductor Solutions,MEDIUM,COMPONENT_SUPPLIER,,https://www.sony-semicon.com/en/,"Primary URL reviewed; accessible content did not establish the proposed robotics role. Further primary product, portfolio or corporate evidence is needed."
suppliers-chips-manufacturing.csv,Quanta Computer,MEDIUM,CONTRACT_MANUFACTURER,,https://www.quantatw.com/Quanta/english/,"Primary URL reviewed; accessible content did not establish the proposed robotics role. Further primary product, portfolio or corporate evidence is needed."
suppliers-chips-manufacturing.csv,Luxshare Precision,MEDIUM,CONTRACT_MANUFACTURER,,https://www.luxshare-ict.com/,"Primary URL reviewed; accessible content did not establish the proposed robotics role. Further primary product, portfolio or corporate evidence is needed."
suppliers-chips-manufacturing.csv,Hexagon,MEDIUM,COMPONENT_SUPPLIER,,https://hexagon.com/,"Primary URL reviewed; retrieval failed or returned HTTP 403. Further primary product, portfolio or corporate evidence is needed."
infrastructure-data-sim-ops.csv,Labelbox,MEDIUM,DATA_SIMULATION_PROVIDER,,https://labelbox.com/solutions/robotics/,"Primary URL reviewed; retrieval failed or returned HTTP 404. Further primary product, portfolio or corporate evidence is needed."
infrastructure-data-sim-ops.csv,XDOF,MEDIUM,DATA_SIMULATION_PROVIDER,,https://www.xdof.ai/,"Primary URL reviewed; accessible content did not establish the proposed robotics role. Further primary product, portfolio or corporate evidence is needed."
infrastructure-data-sim-ops.csv,Rendered.ai,MEDIUM,DATA_SIMULATION_PROVIDER,,https://rendered.ai/,"Primary URL reviewed; retrieval failed or returned HTTP 403. Further primary product, portfolio or corporate evidence is needed."
infrastructure-data-sim-ops.csv,dSPACE,MEDIUM,DATA_SIMULATION_PROVIDER,,https://www.dspace.com/,"Primary URL reviewed; accessible content did not establish the proposed robotics role. Further primary product, portfolio or corporate evidence is needed."
infrastructure-data-sim-ops.csv,Vector Informatik,MEDIUM,TOOLING_OPS_PROVIDER,,https://www.vector.com/,"Primary URL reviewed; retrieval failed or returned HTTP 406. Further primary product, portfolio or corporate evidence is needed."
infrastructure-data-sim-ops.csv,Altair Engineering,MEDIUM,DATA_SIMULATION_PROVIDER,Siemens,https://news.siemens.com/en-us/altair-hyperworks-2026/,"Primary URL reviewed; accessible content did not establish the proposed robotics role. Further primary product, portfolio or corporate evidence is needed."
infrastructure-data-sim-ops.csv,Cognicept Systems,MEDIUM,TOOLING_OPS_PROVIDER,,https://www.cognicept.com/,"Primary URL reviewed; retrieval failed or returned HTTP 410. Further primary product, portfolio or corporate evidence is needed."
infrastructure-data-sim-ops.csv,Freedom Robotics,MEDIUM,TOOLING_OPS_PROVIDER,,https://www.freedomrobotics.ai/,"Primary URL reviewed; retrieval failed or returned HTTP None. Further primary product, portfolio or corporate evidence is needed."
infrastructure-data-sim-ops.csv,Rapyuta Robotics,MEDIUM,TOOLING_OPS_PROVIDER,,https://www.rapyuta-robotics.com/,"Primary URL reviewed; retrieval failed or returned HTTP 403. Further primary product, portfolio or corporate evidence is needed."
infrastructure-data-sim-ops.csv,Airbotics,MEDIUM,TOOLING_OPS_PROVIDER,,https://www.airbotics.io/,"Primary URL reviewed; retrieval failed or returned HTTP None. Further primary product, portfolio or corporate evidence is needed."
infrastructure-data-sim-ops.csv,Deeplite,MEDIUM,TOOLING_OPS_PROVIDER,,https://www.deeplite.ai/,"Primary URL reviewed; retrieval failed or returned HTTP None. Further primary product, portfolio or corporate evidence is needed."
infrastructure-data-sim-ops.csv,drag&bot,MEDIUM,TOOLING_OPS_PROVIDER,KEBA,https://www.dragandbot.com/,"Primary URL reviewed; accessible content did not establish the proposed robotics role. Further primary product, portfolio or corporate evidence is needed."
