name,hq_city,hq_country,proposed_roles,parent_if_any,why_included,source_url,confidence,status,seed_slug,primary_source_url,review_note,original_proposed_roles,original_parent_if_any,original_hq_city,original_hq_country,parent_review_status,parent_review_source_url,metadata_review_status
Scale AI,San Francisco,US,DATA_SIMULATION_PROVIDER,,"Runs a generalist robotics data engine; named as one of five physical-AI infrastructure platforms for data operations, with robot-data customers among frontier labs.",https://www.therobotreport.com/5-physical-ai-infrastructure-platforms-shaping-robotics-in-2026/,MEDIUM,seeded,scale-ai,https://scale.com/robotics,Robotics role confirmed; merged by canonical name or explicit alias.,DATA_SIMULATION_PROVIDER,,San Francisco,US,not_applicable,,reviewed
Encord,London,GB,DATA_SIMULATION_PROVIDER,,"Self-describes as the multimodal data layer for physical AI: manages, curates, annotates and aligns petabytes of sensor, video and text data for robotics, AV and drone teams.",https://encord.com/physical-ai-data-services/,HIGH,seeded,encord,https://encord.com/physical-ai-data-services/,"Robotics role confirmed; merged by canonical name or explicit alias. Metadata pending: independent confirmation of provisional HQ, founding year.",DATA_SIMULATION_PROVIDER,,London,GB,not_applicable,,pending
Labelbox,San Francisco,US,DATA_SIMULATION_PROVIDER,,"Horizontal data-labeling platform used by ML teams for image, video and sensor annotation; listed among the physical-AI labeling platform set.",https://encord.com/blog/data-labeling-platforms-for-physical-ai/,MEDIUM,pending,,https://labelbox.com/solutions/robotics/,"Primary URL reviewed; retrieval failed or returned HTTP 404. Further primary product, portfolio or corporate evidence is needed.",DATA_SIMULATION_PROVIDER,,San Francisco,US,not_applicable,,not_seeded
Kognic,Gothenburg,SE,DATA_SIMULATION_PROVIDER,,Annotation platform purpose-built for autonomous driving with native 3D/LiDAR and sensor fusion; sells to OEMs and Tier-1s rather than building robots.,https://www.kognic.com/,HIGH,seeded,kognic,https://www.kognic.com/,"Robotics role confirmed; merged by canonical name or explicit alias. Metadata pending: independent confirmation of provisional HQ, founding year.",DATA_SIMULATION_PROVIDER,,Gothenburg,SE,not_applicable,,pending
Deepen AI,San Francisco,US,DATA_SIMULATION_PROVIDER,,Specialist in autonomous-driving and ADAS annotation plus multi-sensor calibration tooling sold to autonomy developers.,https://www.cbinsights.com/company/deepen-ai,MEDIUM,seeded,deepen-ai,https://www.deepen.ai/,"Robotics role confirmed; merged by canonical name or explicit alias. Metadata pending: independent confirmation of provisional HQ, founding year.",DATA_SIMULATION_PROVIDER,,San Francisco,US,not_applicable,,pending
Segments.ai,Leuven,BE,DATA_SIMULATION_PROVIDER,,"Synchronized 2D + 3D annotation aimed at robotics perception stacks combining point clouds, video and sensor fusion; also publishes the robotics software-tools landscape.",https://segments.ai/blog/software-tools-for-robotics-landscape/,MEDIUM,seeded,segments-ai,https://segments.ai/,"Robotics role confirmed; merged by canonical name or explicit alias. Metadata pending: independent confirmation of provisional HQ, founding year.",DATA_SIMULATION_PROVIDER,,Leuven,BE,not_applicable,,pending
iMerit,San Jose,US,DATA_SIMULATION_PROVIDER,,India-rooted managed annotation workforce handling high-accuracy image/video labeling; named in the 2026 robot-training-data landscape as annotation-adjacent collection.,https://www.dreamvu.ai/blog/robot-training-data-companies-2026,MEDIUM,seeded,imerit,https://imerit.net/robotics/,Robotics role confirmed; merged by canonical name or explicit alias. Metadata pending: independent confirmation of provisional HQ.,DATA_SIMULATION_PROVIDER,,San Jose,US,not_applicable,,pending
Sama,San Francisco,US,DATA_SIMULATION_PROVIDER,,Managed data-annotation provider for enterprise foundation-model and safety-critical computer-vision programs.,https://www.datasciencesociety.net/7-best-data-annotation-companies-for-physical-ai-robotics-in-2026/,MEDIUM,seeded,sama,https://www.sama.com/,Robotics role confirmed; merged by canonical name or explicit alias. Metadata pending: independent confirmation of provisional HQ.,DATA_SIMULATION_PROVIDER,,San Francisco,US,not_applicable,,pending
Appen,Sydney,AU,DATA_SIMULATION_PROVIDER,,Long-running training-data vendor; has supported robotics programs for robot builders and contributed to egocentric datasets used in robot perception.,https://www.datasciencesociety.net/7-best-data-annotation-companies-for-physical-ai-robotics-in-2026/,MEDIUM,seeded,appen,https://www.appen.com/,Robotics role confirmed; merged by canonical name or explicit alias. Metadata pending: independent confirmation of provisional HQ.,DATA_SIMULATION_PROVIDER,,Sydney,AU,not_applicable,,pending
Shaip,Louisville,US,DATA_SIMULATION_PROVIDER,Ubiquity Global Services,"End-to-end data collection, motion capture and annotation pipelines for humanoid and embodied-AI teams; became part of Ubiquity in 2026.",https://www.datasciencesociety.net/7-best-data-annotation-companies-for-physical-ai-robotics-in-2026/,MEDIUM,seeded,shaip,https://www.shaip.com/,"Robotics role confirmed; merged by canonical name or explicit alias. Metadata pending: independent confirmation of provisional HQ, founding year. Parent name reconciled to documented canonical affiliation.",DATA_SIMULATION_PROVIDER,Ubiquity,Louisville,US,seeded,https://www.shaip.com/about/,pending
Objectways,Cerritos,US,DATA_SIMULATION_PROVIDER,,"Managed annotation and egocentric data-collection service for multimodal and 3D LiDAR projects, delivered as a partner service to robotics teams.",https://www.labellerr.com/blog/top-egocentric-data-providers-robotics/,MEDIUM,seeded,objectways,https://objectways.com/,Robotics role confirmed; merged by canonical name or explicit alias. Metadata pending: independent confirmation of provisional HQ.,DATA_SIMULATION_PROVIDER,,Cerritos,US,not_applicable,,pending
Labellerr,Chandigarh,IN,DATA_SIMULATION_PROVIDER,,Full-stack annotation platform built for robotics and physical-AI teams taking raw teleoperation sessions to ML-ready training data.,https://www.labellerr.com/blog/top-robotics-annotation-platforms/,LOW,skipped,,,Skipped LOW-confidence row as instructed.,DATA_SIMULATION_PROVIDER,,Chandigarh,IN,not_applicable,,not_seeded
Abaka AI,Palo Alto,US,DATA_SIMULATION_PROVIDER,,"Data and infrastructure partner covering collection, curation, annotation, training and evaluation, with a named embodied-AI vertical.",https://www.crunchbase.com/organization/abaka-83c8,MEDIUM,seeded,abaka-ai,https://www.abaka.ai/,"Robotics role confirmed; merged by canonical name or explicit alias. Metadata pending: independent confirmation of provisional HQ, founding year.",DATA_SIMULATION_PROVIDER,,Palo Alto,US,not_applicable,,pending
XDOF,Berkeley,US,DATA_SIMULATION_PROVIDER,,"Robotics data-infrastructure company selling teleoperation data pipelines, collection rigs and annotation to frontier labs; launched from stealth with $70M.",https://siliconangle.com/2026/06/17/robotic-teleoperation-data-startup-xdof-launches-70m-funding/,MEDIUM,pending,,https://www.xdof.ai/,"Primary URL reviewed; accessible content did not establish the proposed robotics role. Further primary product, portfolio or corporate evidence is needed.",DATA_SIMULATION_PROVIDER,,Berkeley,US,not_applicable,,not_seeded
Mecka,Toronto,CA,DATA_SIMULATION_PROVIDER,,"Self-describes as the data and deployment layer for physical AI, capturing and structuring real-world activity into datasets robotics teams train on.",https://www.mecka.ai/,HIGH,seeded,mecka,https://www.mecka.ai/,"Robotics role confirmed; merged by canonical name or explicit alias. Metadata pending: independent confirmation of provisional HQ, founding year.",DATA_SIMULATION_PROVIDER,,Toronto,CA,not_applicable,,pending
Micro1,San Francisco,US,DATA_SIMULATION_PROVIDER,,Gig-worker platform in 50+ countries recording household task video at scale as robot training data.,https://www.teahose.com/guides/robotics-training-data,MEDIUM,seeded,micro1,https://www.micro1.ai/,"Robotics role confirmed; merged by canonical name or explicit alias. Metadata pending: independent confirmation of provisional HQ, founding year.",DATA_SIMULATION_PROVIDER,,San Francisco,US,not_applicable,,pending
Cortex AI,,US,DATA_SIMULATION_PROVIDER,,"Builds large-scale real-world workplace robot and egocentric datasets: human video, manipulator and humanoid trajectories, and human-in-the-loop remote-operator rollouts.",https://www.teahose.com/guides/robotics-training-data,LOW,skipped,,,Skipped LOW-confidence row as instructed.,DATA_SIMULATION_PROVIDER,,,US,not_applicable,,not_seeded
DataX Power,,SG,DATA_SIMULATION_PROVIDER,,APAC-native managed robot-training-data programs; ranked in the 2026 robot training-data landscape for humanoid and VLA readiness.,https://www.dreamvu.ai/blog/robot-training-data-companies-2026,LOW,skipped,,,Skipped LOW-confidence row as instructed.,DATA_SIMULATION_PROVIDER,,,SG,not_applicable,,not_seeded
MANUS,Geldrop,NL,DATA_SIMULATION_PROVIDER,,"Sells data gloves for dexterous teleoperation and humanoid robot training, capturing finger joint angles and hand pose for direct mapping to robot hands.",https://www.manus-meta.com/robotics,HIGH,seeded,manus,https://www.manus-meta.com/robotics,Robotics role confirmed; merged by canonical name or explicit alias. Metadata pending: independent confirmation of provisional HQ.,DATA_SIMULATION_PROVIDER,,Geldrop,NL,not_applicable,,pending
BitRobot Network,Singapore,SG,DATA_SIMULATION_PROVIDER,FrodoBots Lab,Incentivized network of subnets for embodied-AI research that has released large open sidewalk-robotics datasets and hosts humanoid datasets for third-party labs.,https://bitrobot.ai/,MEDIUM,seeded,bitrobot-network,https://bitrobot.ai/,"Robotics role confirmed; merged by canonical name or explicit alias. Metadata pending: independent confirmation of provisional HQ, founding year. Parent edge pending: primary or credible third-party control evidence and date need confirmation.",DATA_SIMULATION_PROVIDER,FrodoBots Lab,Singapore,SG,pending,,pending
Beijing Innovation Center of Human Robotics,Beijing,CN,DATA_SIMULATION_PROVIDER|MODEL_DEVELOPER|OEM|RESEARCH_LAB,,Also known as X-Humanoid; runs a state-backed robot data-collection facility feeding training data to Chinese embodied-AI developers.,https://restofworld.org/2026/china-robots-training-centers-workers/,MEDIUM,seeded,beijing-humanoid-robot-innovation-center-x-humanoid,https://www.x-humanoid.com/,"Robotics role confirmed; merged by canonical name or explicit alias. Metadata pending: independent confirmation of provisional HQ, founding year.",DATA_SIMULATION_PROVIDER,,Beijing,CN,not_applicable,,pending
Troveo,,US,DATA_SIMULATION_PROVIDER,,Video-data marketplace positioning itself as a robotics and physical-AI training-data supplier.,https://www.troveo.ai/resources/robotics-training-data-companies,LOW,skipped,,,Skipped LOW-confidence row as instructed.,DATA_SIMULATION_PROVIDER,,,US,not_applicable,,not_seeded
Lightwheel,Beijing,CN,DATA_SIMULATION_PROVIDER,,Simulation-first embodied-AI infrastructure: measures real physical properties to build sim-ready assets and synthetic datasets used by robot builders and AV firms.,https://www.nvidia.com/en-us/case-studies/lightwheel/,HIGH,seeded,lightwheel,https://www.nvidia.com/en-us/case-studies/lightwheel/,"Robotics role confirmed; merged by canonical name or explicit alias. Metadata pending: independent confirmation of provisional HQ, founding year.",DATA_SIMULATION_PROVIDER,,Beijing,CN,not_applicable,,pending
Parallel Domain,San Francisco,US,DATA_SIMULATION_PROVIDER,,"Synthetic-data platform for training and testing autonomous systems, with domain-adapted datasets tuned to specific environments.",https://cbinsights.com/company/parallel-domain/alternatives-competitors,MEDIUM,seeded,parallel-domain,https://paralleldomain.com/,Robotics role confirmed; merged by canonical name or explicit alias. Metadata pending: independent confirmation of provisional HQ.,DATA_SIMULATION_PROVIDER,,San Francisco,US,not_applicable,,pending
Rendered.ai,Bellevue,US,DATA_SIMULATION_PROVIDER,,"Application framework for producing physics-based synthetic datasets for AI training and validation, delivered as a platform to other builders.",https://www.cbinsights.com/company/renderedai/alternatives-competitors,MEDIUM,pending,,https://rendered.ai/,"Primary URL reviewed; retrieval failed or returned HTTP 403. Further primary product, portfolio or corporate evidence is needed.",DATA_SIMULATION_PROVIDER,,Bellevue,US,not_applicable,,not_seeded
Duality AI,San Mateo,US,DATA_SIMULATION_PROVIDER,,Falcon digital-twin simulation platform generating synthetic data and predictive behaviour models so customers can deploy automated systems at scale.,https://www.duality.ai/,HIGH,seeded,duality-ai,https://www.duality.ai/,Robotics role confirmed; merged by canonical name or explicit alias.,DATA_SIMULATION_PROVIDER,,San Mateo,US,not_applicable,,reviewed
SKY ENGINE AI,London,GB,DATA_SIMULATION_PROVIDER,,"Synthetic-data generation platform producing annotated datasets to train and validate vision AI in robotics, automotive and manufacturing.",https://www.cbinsights.com/compare/renderedai-vs-sky-engine,MEDIUM,seeded,sky-engine-ai,https://www.skyengine.ai/,"Robotics role confirmed; merged by canonical name or explicit alias. Metadata pending: independent confirmation of provisional HQ, founding year.",DATA_SIMULATION_PROVIDER,,London,GB,not_applicable,,pending
Bifrost,Singapore,SG,DATA_SIMULATION_PROVIDER,,"Synthetic-data API that generates 3D worlds, aimed at developing and testing physical-AI systems through simulated scenarios.",https://www.bifrost.ai/product,HIGH,seeded,bifrost,https://www.bifrost.ai/product,"Robotics role confirmed; merged by canonical name or explicit alias. Metadata pending: independent confirmation of provisional HQ, founding year.",DATA_SIMULATION_PROVIDER,,Singapore,SG,not_applicable,,pending
Foretellix,Modi'in,IL,DATA_SIMULATION_PROVIDER,,Data-automation and validation toolchain for AI-powered autonomy; generates scenario-driven synthetic data and coverage metrics for autonomy developers.,https://www.foretellix.com/inmedia/ipg-automotive-and-foretellix/,HIGH,seeded,foretellix,https://www.foretellix.com/inmedia/ipg-automotive-and-foretellix/,"Robotics role confirmed; merged by canonical name or explicit alias. Metadata pending: independent confirmation of provisional HQ, founding year.",DATA_SIMULATION_PROVIDER,,Modi'in,IL,not_applicable,,pending
Cognata,Rehovot,IL,DATA_SIMULATION_PROVIDER,,AI-driven autonomous-vehicle simulation platform building high-fidelity scenarios from real traffic data and sensor models.,https://www.cbinsights.com/compare/applied-intuition-vs-cognata,MEDIUM,seeded,cognata,https://www.cognata.com/,"Robotics role confirmed; merged by canonical name or explicit alias. Metadata pending: independent confirmation of provisional HQ, founding year.",DATA_SIMULATION_PROVIDER,,Rehovot,IL,not_applicable,,pending
rFpro,,GB,DATA_SIMULATION_PROVIDER,,Real-time simulation software specialising in sensor simulation and digital-twin environments for testing autonomous and connected vehicles.,https://www.gartner.com/reviews/market/simulation-platforms-for-autonomous-vehicles,LOW,skipped,,,Skipped LOW-confidence row as instructed.,DATA_SIMULATION_PROVIDER,,,GB,not_applicable,,not_seeded
IPG Automotive,Karlsruhe,DE,DATA_SIMULATION_PROVIDER,,CarMaker is a scalable ADAS/AD simulation environment sold to vehicle and autonomy developers; partners with Foretellix on virtual validation at scale.,https://www.foretellix.com/inmedia/ipg-automotive-and-foretellix/,MEDIUM,seeded,ipg-automotive,https://www.ipg-automotive.com/,Robotics role confirmed; merged by canonical name or explicit alias. Metadata pending: independent confirmation of provisional HQ.,DATA_SIMULATION_PROVIDER,,Karlsruhe,DE,not_applicable,,pending
dSPACE,Paderborn,DE,DATA_SIMULATION_PROVIDER,,"Simulation and validation solutions, including hardware-in-the-loop toolchains, for developing connected and autonomous vehicles.",https://www.gartner.com/reviews/market/simulation-platforms-for-autonomous-vehicles,MEDIUM,pending,,https://www.dspace.com/,"Primary URL reviewed; accessible content did not establish the proposed robotics role. Further primary product, portfolio or corporate evidence is needed.",DATA_SIMULATION_PROVIDER,,Paderborn,DE,not_applicable,,not_seeded
understand.ai,Karlsruhe,DE,DATA_SIMULATION_PROVIDER,dSPACE,Annotation and data-anonymisation tooling for autonomous-driving datasets; operates as the data arm of dSPACE's validation toolchain.,https://www.autonomousvehicleinternational.com/supplier-spotlight/companies/general,LOW,skipped,,,Skipped LOW-confidence row as instructed.,DATA_SIMULATION_PROVIDER,dSPACE,Karlsruhe,DE,not_applicable,,not_seeded
Vector Informatik,Stuttgart,DE,TOOLING_OPS_PROVIDER,,Automotive toolchain and test/HIL software vendor named among the established simulation and validation incumbents serving autonomy programmes.,https://www.gartner.com/reviews/market/simulation-platforms-for-autonomous-vehicles,MEDIUM,pending,,https://www.vector.com/,"Primary URL reviewed; retrieval failed or returned HTTP 406. Further primary product, portfolio or corporate evidence is needed.",TOOLING_OPS_PROVIDER,,Stuttgart,DE,not_applicable,,not_seeded
Coppelia Robotics,Zurich,CH,DATA_SIMULATION_PROVIDER,,"Develops and maintains CoppeliaSim, a general robot simulator used for algorithm development, factory-automation simulation and prototyping.",https://www.coppeliarobotics.com/,HIGH,seeded,coppelia-robotics,https://www.coppeliarobotics.com/,"Robotics role confirmed; merged by canonical name or explicit alias. Metadata pending: independent confirmation of provisional HQ, founding year.",DATA_SIMULATION_PROVIDER,,Zurich,CH,not_applicable,,pending
Cyberbotics,Lausanne,CH,DATA_SIMULATION_PROVIDER,,"Develops Webots, an open-source robot modelling, programming and simulation environment with a large robot and sensor asset library.",https://en.wikipedia.org/wiki/CoppeliaSim,MEDIUM,seeded,cyberbotics,https://cyberbotics.com/,"Robotics role confirmed; merged by canonical name or explicit alias. Metadata pending: independent confirmation of provisional HQ, founding year.",DATA_SIMULATION_PROVIDER,,Lausanne,CH,not_applicable,,pending
Visual Components,Espoo,FI,DATA_SIMULATION_PROVIDER,,"3D manufacturing simulation and robot offline-programming software with a 2,400+ robot library, sold to system builders and manufacturers.",https://www.visualcomponents.com/products/,HIGH,seeded,visual-components,https://www.visualcomponents.com/products/,Seeded HIGH-confidence roster entry from its supplied source; live primary retrieval unavailable (403). Metadata pending: founding year.,DATA_SIMULATION_PROVIDER,,Espoo,FI,not_applicable,,pending
RoboDK,Montreal,CA,DATA_SIMULATION_PROVIDER,,"Simulator and offline-programming tool covering 1,400+ robot arms from 80 manufacturers, with APIs in Python, C#, C++ and MATLAB.",https://robodk.com/,HIGH,seeded,robodk,https://robodk.com/,Robotics role confirmed; merged by canonical name or explicit alias. Metadata pending: independent confirmation of provisional HQ.,DATA_SIMULATION_PROVIDER,,Montreal,CA,not_applicable,,pending
Antioch,,US,DATA_SIMULATION_PROVIDER,,Simulation startup building tools for robot developers explicitly aimed at closing the sim-to-real gap.,https://techcrunch.com/2026/04/16/this-simulation-startup-wants-to-be-the-cursor-for-physical-ai/,LOW,skipped,,,Skipped LOW-confidence row as instructed.,DATA_SIMULATION_PROVIDER,,,US,not_applicable,,not_seeded
Ansys,Canonsburg,US,DATA_SIMULATION_PROVIDER,Synopsys,Simulation software vendor whose Twin Builder couples reduced-order models with live sensor data for digital twins; named among AI-powered simulation suppliers.,https://natlawreview.com/press-releases/who-competes-where-artificial-intelligence-ai-powered-simulation-and-digital,MEDIUM,seeded,ansys,https://www.ansys.com/solutions/solutions-by-industry/robotics,"Robotics role confirmed; merged by canonical name or explicit alias. Metadata pending: independent confirmation of provisional HQ, founding year.",DATA_SIMULATION_PROVIDER,Synopsys,Canonsburg,US,seeded,https://investor.synopsys.com/news/news-details/2025/Synopsys-Completes-Acquisition-of-Ansys/default.aspx,pending
Siemens Digital Industries Software,Plano,US,DATA_SIMULATION_PROVIDER,Siemens,Tecnomatix robotics programming and simulation plus Digital Twin Composer; sells factory and robot simulation tooling to robot builders and integrators.,https://www.siemens.com/en-us/products/tecnomatix/offerings/robotics-programming-simulation/,MEDIUM,seeded,siemens-digital-industries-software,https://www.siemens.com/en-us/products/tecnomatix/offerings/robotics-programming-simulation/,Robotics role confirmed; merged by canonical name or explicit alias. Metadata pending: founding year.,DATA_SIMULATION_PROVIDER,Siemens,Plano,US,seeded,https://jobs.sw.siemens.com/about-us/,pending
Dassault Systemes,Velizy-Villacoublay,FR,DATA_SIMULATION_PROVIDER,,"DELMIA robotics simulation, design and offline programming inside the 3DEXPERIENCE platform, sold to manufacturers and automation builders.",https://www.3ds.com/products/delmia/industrial-engineering/robotics,MEDIUM,seeded,dassault-systemes,https://www.3ds.com/products/delmia/industrial-engineering/robotics,Robotics role confirmed; merged by canonical name or explicit alias.,DATA_SIMULATION_PROVIDER,,Velizy-Villacoublay,FR,not_applicable,,reviewed
Altair Engineering,Troy,US,DATA_SIMULATION_PROVIDER,Siemens,"Multiphysics simulation, HPC and industrial AI vendor acquired by Siemens; HyperWorks 2026 folds AI and automation into the simulation stack.",https://news.siemens.com/en-us/altair-hyperworks-2026/,MEDIUM,pending,,https://news.siemens.com/en-us/altair-hyperworks-2026/,"Primary URL reviewed; accessible content did not establish the proposed robotics role. Further primary product, portfolio or corporate evidence is needed.",DATA_SIMULATION_PROVIDER,Siemens,Troy,US,pending,,not_seeded
MathWorks,Natick,US,DATA_SIMULATION_PROVIDER,,"MATLAB and Simulink are a standard modelling, control-design and code-generation toolchain for robot developers, with connected robotics products.",https://www.mathworks.com/products/connections/product_detail/robodk.html,MEDIUM,seeded,mathworks,https://www.mathworks.com/solutions/robotics.html,Robotics role confirmed; merged by canonical name or explicit alias.,TOOLING_OPS_PROVIDER,,Natick,US,not_applicable,,reviewed
World Labs,San Francisco,US,DATA_SIMULATION_PROVIDER,,"Spatial-intelligence lab shipping Marble, its first commercial world model, as a product other builders can use.",https://www.worldlabs.ai/,HIGH,seeded,world-labs,https://www.worldlabs.ai/,"Robotics role confirmed; merged by canonical name or explicit alias. Metadata pending: independent confirmation of provisional HQ, founding year.",DATA_SIMULATION_PROVIDER,,San Francisco,US,not_applicable,,pending
Decart,Tel Aviv,IL,DATA_SIMULATION_PROVIDER|MODEL_DEVELOPER,,Real-time world-model company; among the world-model startups that drew roughly $3B of venture funding into the category.,https://www.forbes.com/sites/josipamajic/2026/06/30/world-model-startups-raise-3-billion-vcs-bet-beyond-llms/,MEDIUM,seeded,decart,https://www.decart.ai/,"Robotics role confirmed; merged by canonical name or explicit alias. Metadata pending: independent confirmation of provisional HQ, founding year.",DATA_SIMULATION_PROVIDER,,Tel Aviv,IL,not_applicable,,pending
Odyssey,San Francisco,US,DATA_SIMULATION_PROVIDER|MODEL_DEVELOPER,,World-model startup founded by ex-Cruise and ex-Wayve leaders; raised a $310M Series B in the 2026 world-model wave.,https://www.forbes.com/sites/josipamajic/2026/06/30/world-model-startups-raise-3-billion-vcs-bet-beyond-llms/,MEDIUM,seeded,odyssey,https://odyssey.ml/,"Robotics role confirmed; merged by canonical name or explicit alias. Metadata pending: independent confirmation of provisional HQ, founding year.",DATA_SIMULATION_PROVIDER,,San Francisco,US,not_applicable,,pending
General Intuition,,US,DATA_SIMULATION_PROVIDER,,Builds spatial-reasoning world models for agents; raised a $134M seed and a $320M Series A during the 2026 world-model wave.,https://www.forbes.com/sites/josipamajic/2026/06/30/world-model-startups-raise-3-billion-vcs-bet-beyond-llms/,LOW,skipped,,,Skipped LOW-confidence row as instructed.,DATA_SIMULATION_PROVIDER,,,US,not_applicable,,not_seeded
Runway,New York,US,DATA_SIMULATION_PROVIDER|MODEL_DEVELOPER,,"Video-generation company that released GWM-1, its first world model, extending its tooling toward physical-world simulation.",https://www.forbes.com/sites/josipamajic/2026/06/30/world-model-startups-raise-3-billion-vcs-bet-beyond-llms/,MEDIUM,seeded,runway,https://runwayml.com/,Robotics role confirmed; merged by canonical name or explicit alias. Metadata pending: independent confirmation of provisional HQ.,DATA_SIMULATION_PROVIDER,,New York,US,not_applicable,,pending
Adamo,,US,TOOLING_OPS_PROVIDER,,Managed teleoperation services and sub-40ms teleoperation software sold to robotics companies rather than operated on own robots.,https://adamohq.com/teleoperation,MEDIUM,seeded,adamo,https://adamohq.com/teleoperation,"Robotics role confirmed; merged by canonical name or explicit alias. Metadata pending: HQ place, founding year.",TOOLING_OPS_PROVIDER,,,US,not_applicable,,pending
Cognicept Systems,Singapore,SG,TOOLING_OPS_PROVIDER,,"Human-robot interaction operating system with remote access, fleet intervention and troubleshooting modules sold to robot deployers.",https://www.startus-insights.com/innovators-guide/5-top-emerging-teleoperation-startups/,MEDIUM,pending,,https://www.cognicept.com/,"Primary URL reviewed; retrieval failed or returned HTTP 410. Further primary product, portfolio or corporate evidence is needed.",TOOLING_OPS_PROVIDER,,Singapore,SG,not_applicable,,not_seeded
Pylot,,DE,TOOLING_OPS_PROVIDER,,German startup building an autonomous-vehicle teleoperation software platform for remote assistance and fallback control.,https://www.startus-insights.com/innovators-guide/5-top-emerging-teleoperation-startups/,LOW,skipped,,,Skipped LOW-confidence row as instructed.,TOOLING_OPS_PROVIDER,,,DE,not_applicable,,not_seeded
Formant,San Francisco,US,TOOLING_OPS_PROVIDER,,"Cloud data and operations platform for robot fleets: low-latency teleoperation, telemetry, alerting and analytics across heterogeneous deployments.",https://www.accio.com/business/formant,MEDIUM,seeded,formant,https://formant.io/about/,Robotics role confirmed; merged by canonical name or explicit alias. Metadata pending: independent confirmation of provisional HQ.,TOOLING_OPS_PROVIDER,,San Francisco,US,not_applicable,,pending
InOrbit,Mountain View,US,TOOLING_OPS_PROVIDER,,"Cloud RobOps platform for maximising robot uptime, combining fleet monitoring with remote control and tele-assistance; runs a partner ecosystem of robot makers.",https://www.inorbit.ai/ecosystem,HIGH,seeded,inorbit,https://www.inorbit.ai/ecosystem,"Robotics role confirmed; merged by canonical name or explicit alias. Metadata pending: independent confirmation of provisional HQ, founding year.",TOOLING_OPS_PROVIDER,,Mountain View,US,not_applicable,,pending
Freedom Robotics,San Francisco,US,TOOLING_OPS_PROVIDER,,"Control, monitoring and observability infrastructure for robot fleets, sold as a hosted platform to robot developers.",https://www.cbinsights.com/company/freedom-robotics/alternatives-competitors,MEDIUM,pending,,https://www.freedomrobotics.ai/,"Primary URL reviewed; retrieval failed or returned HTTP None. Further primary product, portfolio or corporate evidence is needed.",TOOLING_OPS_PROVIDER,,San Francisco,US,not_applicable,,not_seeded
Rapyuta Robotics,Tokyo,JP,TOOLING_OPS_PROVIDER,,"Cloud-robotics software and tooling sold to accelerate other teams' go-to-market; also ships its own AMRs, so the horizontal role needs confirming.",https://www.cbinsights.com/company/rapyuta-robotics/alternatives-competitors,MEDIUM,pending,,https://www.rapyuta-robotics.com/,"Primary URL reviewed; retrieval failed or returned HTTP 403. Further primary product, portfolio or corporate evidence is needed.",TOOLING_OPS_PROVIDER,,Tokyo,JP,not_applicable,,not_seeded
Airbotics,Mountain View,US,TOOLING_OPS_PROVIDER,,Cloud robotics infrastructure including over-the-air update and device management for robot fleets; maintains the awesome-cloud-robotics index.,https://www.cbinsights.com/company/airbotics,MEDIUM,pending,,https://www.airbotics.io/,"Primary URL reviewed; retrieval failed or returned HTTP None. Further primary product, portfolio or corporate evidence is needed.",TOOLING_OPS_PROVIDER,,Mountain View,US,not_applicable,,not_seeded
Transitive Robotics,,US,TOOLING_OPS_PROVIDER,,"Sells reusable robot software capabilities - video streaming, configuration management and real-time robot-to-cloud data sync - that span robot, cloud and web front-ends.",https://www.rfp.wiki/artificial-intelligence/robotics-ai-development-platforms/inorbit/alternatives-and-competitors,LOW,skipped,,,Skipped LOW-confidence row as instructed.,TOOLING_OPS_PROVIDER,,,US,not_applicable,,not_seeded
SYNAOS,Hannover,DE,TOOLING_OPS_PROVIDER,,Intralogistics orchestration platform and VDA 5050-compliant fleet manager certified against third-party AMRs.,https://www.synaos.com/en/partners/vda-5050,MEDIUM,seeded,synaos,https://www.synaos.com/en/,Robotics role confirmed; merged by canonical name or explicit alias. Metadata pending: independent confirmation of provisional HQ.,TOOLING_OPS_PROVIDER,,Hannover,DE,not_applicable,,pending
NAiSE,Stuttgart,DE,TOOLING_OPS_PROVIDER,,VDA 5050-compliant intralogistics traffic and fleet-management software named among the third-party fleet managers AMR vendors certify against.,https://ottomotors.com/company/newsroom/press-releases/otto-adds-vda-5050-certifications-to-support-mixed-fleet-deployments/,MEDIUM,seeded,naise,https://naise.eu/,"Robotics role confirmed; merged by canonical name or explicit alias. Metadata pending: independent confirmation of provisional HQ, founding year.",TOOLING_OPS_PROVIDER,,Stuttgart,DE,not_applicable,,pending
idealworks,Munich,DE,OEM|TOOLING_OPS_PROVIDER,Agile Robots,AnyFleet fleet orchestration built on VDA 5050; adopted the Omniverse fleet-simulation blueprint and is extending it to humanoids.,https://blogs.nvidia.com/blog/european-robot-makers-isaac-omniverse-halos-safe-physical-ai/,MEDIUM,seeded,idealworks,https://idealworks.com/,Robotics role confirmed; merged by canonical name or explicit alias. Metadata pending: independent confirmation of provisional HQ. Parent name reconciled to documented canonical affiliation.,TOOLING_OPS_PROVIDER,BMW,Munich,DE,seeded,https://www.agile-robots.com/media/files/New_website/Solutions/Thor_series/AR-ThorSeries-Productflyer-SCREEN-en-20260130.pdf,pending
KINEXON,Munich,DE,TOOLING_OPS_PROVIDER,,Vendor-independent Fleet Manager for VDA 5050-powered mixed AMR fleets.,https://kinexon.com/resources/whitepaper/vda5050-powered-fleet-management,MEDIUM,seeded,kinexon,https://kinexon.com/,"Robotics role confirmed; merged by canonical name or explicit alias. Metadata pending: independent confirmation of provisional HQ, founding year.",TOOLING_OPS_PROVIDER,,Munich,DE,not_applicable,,pending
Meili Robots,Copenhagen,DK,TOOLING_OPS_PROVIDER,,"Vendor-agnostic fleet-management software for mixed robot fleets, sold to operators of third-party AMRs.",https://www.agvnetwork.com/amr-agv-interoperability,LOW,skipped,,,Skipped LOW-confidence row as instructed.,TOOLING_OPS_PROVIDER,,Copenhagen,DK,not_applicable,,not_seeded
Auterion,Zurich,CH,TOOLING_OPS_PROVIDER,,AuterionOS plus Auterion Suite give drone manufacturers a standardised software backbone and end-users cross-vendor fleet management and OTA updates.,https://auterion.com/product/suite/,HIGH,seeded,auterion,https://auterion.com/product/suite/,"Robotics role confirmed; merged by canonical name or explicit alias. Metadata pending: independent confirmation of provisional HQ, founding year.",TOOLING_OPS_PROVIDER,,Zurich,CH,not_applicable,,pending
FlytBase,Pune,IN,TOOLING_OPS_PROVIDER,,"Enterprise drone-autonomy platform automating BVLOS flight, docking-station operations and fleet management for third-party drone hardware.",https://flytbase.com/platform,HIGH,seeded,flytbase,https://flytbase.com/platform,Robotics role confirmed; merged by canonical name or explicit alias. Metadata pending: independent confirmation of provisional HQ.,TOOLING_OPS_PROVIDER,,Pune,IN,not_applicable,,pending
DroneDeploy,San Francisco,US,TOOLING_OPS_PROVIDER,,Reality-capture and drone-operations platform sold across third-party drone hardware; named in Bessemer's physical-AI infrastructure portfolio.,https://www.bvp.com/atlas/bessemer-predicts-robotics-and-physical-ai,MEDIUM,seeded,dronedeploy,https://www.dronedeploy.com/,Robotics role confirmed; merged by canonical name or explicit alias. Metadata pending: founding year.,TOOLING_OPS_PROVIDER,,San Francisco,US,not_applicable,,pending
Foxglove,San Francisco,US,TOOLING_OPS_PROVIDER,,Observability and data platform for physical AI; stewards the open MCAP multimodal logging format and raised a $40M Series B for the robotics data stack.,https://foxglove.dev/,HIGH,seeded,foxglove,https://foxglove.dev/about,Robotics role confirmed; merged by canonical name or explicit alias. Metadata pending: independent confirmation of provisional HQ.,TOOLING_OPS_PROVIDER,,San Francisco,US,not_applicable,,pending
Rerun,Stockholm,SE,DATA_SIMULATION_PROVIDER|TOOLING_OPS_PROVIDER,,"Open-source multimodal data stack and code-first visualiser for robots, drones and AVs; raised $17M seed for physical-AI data infrastructure.",https://siliconangle.com/2025/03/20/rerun-gets-17m-build-essential-data-infrastructure-ai-powered-robots-drones-cars/,MEDIUM,seeded,rerun,https://rerun.io/,"Robotics role confirmed; merged by canonical name or explicit alias. Metadata pending: independent confirmation of provisional HQ, founding year.",TOOLING_OPS_PROVIDER,,Stockholm,SE,not_applicable,,pending
Roboto AI,Seattle,US,DATA_SIMULATION_PROVIDER|TOOLING_OPS_PROVIDER,,"Robotics observability platform for ingesting, searching and analysing multimodal robot logs during development and production.",https://www.cbinsights.com/esp/enterprise-tech/development/robotics-observability-platforms,MEDIUM,seeded,roboto-ai,https://www.roboto.ai/,"Robotics role confirmed; merged by canonical name or explicit alias. Metadata pending: independent confirmation of provisional HQ, founding year.",TOOLING_OPS_PROVIDER,,Seattle,US,not_applicable,,pending
Sift,Marina del Rey,US,TOOLING_OPS_PROVIDER,,"Unified observability for mission-critical hardware - ingest, store and analyse machine telemetry with automated review and anomaly detection - with a named robotics vertical.",https://www.siftstack.com/industry/robotics,HIGH,seeded,sift,https://www.siftstack.com/industry/robotics,"Robotics role confirmed; merged by canonical name or explicit alias. Metadata pending: independent confirmation of provisional HQ, founding year.",TOOLING_OPS_PROVIDER,,Marina del Rey,US,not_applicable,,pending
Nominal,,US,TOOLING_OPS_PROVIDER,,Hardware test and observability stack for complex physical systems; integrates with the robotics telemetry tool chain.,https://www.siftstack.com/about/faq,LOW,skipped,,,Skipped LOW-confidence row as instructed.,TOOLING_OPS_PROVIDER,,,US,not_applicable,,not_seeded
ReductStore,,US,TOOLING_OPS_PROVIDER,,Time-series object store built for high-frequency robotics data such as video and sensor streams; publishes the robotics data-tooling comparisons.,https://www.reduct.store/blog/comparison-rviz-foxglove-rerun,LOW,skipped,,,Skipped LOW-confidence row as instructed.,TOOLING_OPS_PROVIDER,,,US,not_applicable,,not_seeded
Voxel51,Ann Arbor,US,DATA_SIMULATION_PROVIDER|TOOLING_OPS_PROVIDER,,"FiftyOne curates, annotates and evaluates multimodal sensor data for robotics and autonomous systems; in Bessemer's physical-AI portfolio.",https://www.cbinsights.com/company/voxel51,MEDIUM,seeded,voxel51,https://voxel51.com/,Robotics role confirmed; merged by canonical name or explicit alias. Metadata pending: independent confirmation of provisional HQ.,DATA_SIMULATION_PROVIDER|TOOLING_OPS_PROVIDER,,Ann Arbor,US,not_applicable,,pending
Robocurve,,US,TOOLING_OPS_PROVIDER,,"Builds open-source tools and independent, reproducible benchmarks that score robot models on real-world jobs - continuous benchmarking as a service.",https://robocurve.org/,MEDIUM,seeded,robocurve,https://robocurve.org/,"Robotics role confirmed; merged by canonical name or explicit alias. Metadata pending: HQ place, founding year.",TOOLING_OPS_PROVIDER,,,US,not_applicable,,pending
Edge Impulse,San Jose,US,TOOLING_OPS_PROVIDER,Qualcomm,"Edge-AI development platform covering data collection, training and one-click deployment to embedded targets; now a Qualcomm company.",https://www.runanywhere.ai/blog/top-edge-ai-solutions-2026,MEDIUM,seeded,edge-impulse,https://www.edgeimpulse.com/,Robotics role confirmed; merged by canonical name or explicit alias. Metadata pending: independent confirmation of provisional HQ.,TOOLING_OPS_PROVIDER,Qualcomm,San Jose,US,seeded,https://www.qualcomm.com/news/releases/2026/01/qualcomm-s-ie_iot-expansion-is-complete--edge-ai-unleashed-for-d,pending
Latent AI,Princeton,US,TOOLING_OPS_PROVIDER,,LEIP is an enterprise edge-AI SDK: LEIP Optimize automates hardware-aware optimisation and LEIP Deploy provides a standardised secure runtime.,https://latentai.com/product/capability-optimize/,HIGH,seeded,latent-ai,https://latentai.com/product/capability-optimize/,"Seeded HIGH-confidence roster entry from its supplied source; live primary retrieval unavailable (403). Metadata pending: independent confirmation of provisional HQ, founding year.",TOOLING_OPS_PROVIDER,,Princeton,US,not_applicable,,pending
Deeplite,Montreal,CA,TOOLING_OPS_PROVIDER,,"DeepliteRT accelerates embedded inference with optimised low-precision kernels for Arm hardware, sold to device and robot builders.",https://www.runanywhere.ai/blog/top-edge-ai-solutions-2026,MEDIUM,pending,,https://www.deeplite.ai/,"Primary URL reviewed; retrieval failed or returned HTTP None. Further primary product, portfolio or corporate evidence is needed.",TOOLING_OPS_PROVIDER,,Montreal,CA,not_applicable,,not_seeded
MulticoreWare,Sunnyvale,US,TOOLING_OPS_PROVIDER,,Engineering and optimisation services for deploying vision-language-action models to real-time robot edge inference.,https://multicorewareinc.com/deploying-vision-language-action-vla-based-ai-models-in-robotics-optimization-for-real-time-edge-inference/,LOW,skipped,,,Skipped LOW-confidence row as instructed.,TOOLING_OPS_PROVIDER,,Sunnyvale,US,not_applicable,,not_seeded
Viam,New York,US,TOOLING_OPS_PROVIDER,,"One platform for the whole robotics lifecycle: hardware abstracted behind APIs, multi-language SDKs, and fleet management from prototype to scale.",https://www.viam.com/,HIGH,seeded,viam,https://www.viam.com/about,Robotics role confirmed; merged by canonical name or explicit alias.,TOOLING_OPS_PROVIDER,,New York,US,not_applicable,,reviewed
Hugging Face,New York,US,DATA_SIMULATION_PROVIDER|TOOLING_OPS_PROVIDER,,"LeRobot is an open-source library and hub for robot datasets, models, policies and evaluation; named as the open-source coordination layer of the physical-AI stack.",https://www.therobotreport.com/nvidia-hugging-face-bring-new-models-frameworks-lerobot/,MEDIUM,seeded,hugging-face,https://huggingface.co/lerobot,"Robotics role confirmed; merged by canonical name or explicit alias. Metadata pending: independent confirmation of provisional HQ, founding year.",DATA_SIMULATION_PROVIDER|TOOLING_OPS_PROVIDER,,New York,US,not_applicable,,pending
PickNik Robotics,Boulder,US,TOOLING_OPS_PROVIDER,,Commercial steward of MoveIt; sells ROS motion-planning and manipulation software and services to robot builders.,https://picknik.ai/ros/,HIGH,seeded,picknik-robotics,https://picknik.ai/ros/,Robotics role confirmed; merged by canonical name or explicit alias. Metadata pending: independent confirmation of provisional HQ.,TOOLING_OPS_PROVIDER,,Boulder,US,not_applicable,,pending
Wandelbots,Dresden,DE,TOOLING_OPS_PROVIDER,,"NOVA is a vendor-agnostic platform to simulate, deploy and scale industrial robot programs, bridging digital twin and shop floor across robot brands.",https://www.wandelbots.com/,HIGH,seeded,wandelbots,https://www.wandelbots.com/,"Robotics role confirmed; merged by canonical name or explicit alias. Metadata pending: independent confirmation of provisional HQ, founding year.",TOOLING_OPS_PROVIDER,,Dresden,DE,not_applicable,,pending
ArtiMinds Robotics,Karlsruhe,DE,TOOLING_OPS_PROVIDER,,"Robot Programming Suite generates robot code from skill templates independently of the robot manufacturer, covering programming through operation and optimisation.",https://www.artiminds.com/software.html/,HIGH,seeded,artiminds-robotics,https://www.artiminds.com/software.html/,"Seeded HIGH-confidence roster entry from its supplied source; live primary retrieval unavailable (network error). Metadata pending: independent confirmation of provisional HQ, founding year.",TOOLING_OPS_PROVIDER,,Karlsruhe,DE,not_applicable,,pending
Micropsi Industries,Berlin,DE,TOOLING_OPS_PROVIDER,,"MIRAI is a robot control system that lets robots learn from human demonstration, sold as an add-on control layer to users of third-party arms.",https://www.micropsi-industries.com/,HIGH,seeded,micropsi-industries,https://www.micropsi-industries.com/,"Robotics role confirmed; merged by canonical name or explicit alias. Metadata pending: independent confirmation of provisional HQ, founding year.",TOOLING_OPS_PROVIDER,,Berlin,DE,not_applicable,,pending
READY Robotics,Columbus,US,TOOLING_OPS_PROVIDER,,ForgeOS is a hardware-agnostic robot operating system with no-code Task Canvas programming; partners with NVIDIA and Toyota on simulated programming environments.,https://www.ready-robotics.com/,HIGH,seeded,ready-robotics,https://www.ready-robotics.com/,"Seeded HIGH-confidence roster entry from its supplied source; live primary retrieval unavailable (403). Metadata pending: independent confirmation of provisional HQ, founding year.",TOOLING_OPS_PROVIDER,,Columbus,US,not_applicable,,pending
drag&bot,Stuttgart,DE,TOOLING_OPS_PROVIDER,KEBA,"Web-based drag-and-drop software for setting up, programming and operating industrial robots; acquired by KEBA in 2022.",https://www.cbinsights.com/company/drag-bot,MEDIUM,pending,,https://www.dragandbot.com/,"Primary URL reviewed; accessible content did not establish the proposed robotics role. Further primary product, portfolio or corporate evidence is needed.",TOOLING_OPS_PROVIDER,KEBA,Stuttgart,DE,pending,,not_seeded
Realtime Robotics,Boston,US,TOOLING_OPS_PROVIDER,,Sells real-time motion-planning and multi-robot deconfliction software to industrial robot users; role and current status need a primary source.,https://en.wikipedia.org/wiki/List_of_robotics_software,LOW,skipped,,,Skipped LOW-confidence row as instructed.,TOOLING_OPS_PROVIDER,,Boston,US,not_applicable,,not_seeded
Tangram Vision,,US,TOOLING_OPS_PROVIDER,,"Sensor calibration and perception infrastructure - multi-modal calibration, sensor streaming, fusion and data management - for robots, drones and autonomous systems.",https://www.crunchbase.com/organization/tangram-robotics,MEDIUM,seeded,tangram-vision,https://www.tangramvision.com/,"Robotics role confirmed; merged by canonical name or explicit alias. Metadata pending: HQ place, founding year.",TOOLING_OPS_PROVIDER,,,US,not_applicable,,pending
Roboflow,Des Moines,US,TOOLING_OPS_PROVIDER,,"Perception infrastructure for robotics: annotation workflow, auto-labeling with foundation models and one-click training, replacing ad-hoc vision code.",https://roboflow.com/industries/robotics,HIGH,seeded,roboflow,https://roboflow.com/industries/robotics,Robotics role confirmed; merged by canonical name or explicit alias. Metadata pending: independent confirmation of provisional HQ.,DATA_SIMULATION_PROVIDER|TOOLING_OPS_PROVIDER,,Des Moines,US,not_applicable,,pending
Canonical,London,GB,TOOLING_OPS_PROVIDER,,Ships Ubuntu Core and long-term-supported ROS builds plus device management as commercial deployment infrastructure for robot builders.,https://techcrunch.com/2024/03/19/nvidia-and-qualcomm-join-open-source-robotics-alliance-to-support-ros-development,MEDIUM,seeded,canonical,https://ubuntu.com/robotics,Robotics role confirmed; merged by canonical name or explicit alias.,TOOLING_OPS_PROVIDER,,London,GB,not_applicable,,reviewed
Perceptron,,US,DATA_SIMULATION_PROVIDER|TOOLING_OPS_PROVIDER,,Open-weight vision models for industrial settings where robots must perceive unstructured warehouse and factory environments; in Bessemer's physical-AI portfolio.,https://www.aichatdaily.com/ai-models/ex-meta-scientists-launch-perceptron-21m-factory-floor-vision-ai,LOW,skipped,,,Skipped LOW-confidence row as instructed.,DATA_SIMULATION_PROVIDER|TOOLING_OPS_PROVIDER,,,US,not_applicable,,not_seeded
